idf_rank,term,idf,doc_freq,doc_freq%
1,salt vegetable_oil,7.10708017668622,1920,1.37
2,italian_dressing,7.10708017668622,358,0.26
3,miracle_whip,7.103869901055972,2303,1.65
4,red_food_coloring,7.100669898325301,614,0.44
5,baby_spinach_leaves,7.100669898325301,613,0.44
6,unbleached_flour,7.100669898325301,1328,0.95
7,self rising_flour,7.100669898325301,388,0.28
8,monterey_jack_pepper_cheese,7.097480102957201,1910,1.37
9,tomato_soup,7.097480102957201,996,0.71
10,shredded_coconut,7.094300450039821,1031,0.74
11,sugar all,7.094300450039821,10876,7.79
12,wheat_germ,7.091130875278542,10749,7.7
13,lasagna_noodles,7.091130875278542,937,0.67
14,iceberg_lettuce,7.087971314988174,1212,0.87
15,sour_cream mayonnaise,7.087971314988174,942,0.67
16,light_mayonnaise,7.087971314988174,457,0.33
17,unsweetened_chocolate,7.087971314988174,2087,1.49
18,carrots onion,7.084821706085277,1479,1.06
19,light_sour_cream,7.084821706085277,540,0.39
20,cranberries,7.08168198608061,935,0.67
21,whole_wheat_bread,7.08168198608061,377,0.27
22,fresh_sage,7.08168198608061,837,0.6
23,garlic_clove salt,7.078552093071682,615,0.44
24,tomatoes onion,7.078552093071682,1268,0.91
25,sweet_paprika,7.075431965735438,661,0.47
26,gruyere_cheese,7.075431965735438,373,0.27
27,olive_oil salt_and_pepper,7.075431965735438,599,0.43
28,dried_tomato,7.075431965735438,1052,0.75
29,sun dried_tomato,7.075431965735438,549,0.39
30,cooked_bacon,7.075431965735438,589,0.42
31,onion tomatoes,7.072321543321046,542,0.39
32,butter garlic,7.069220765642798,312,0.22
33,seasoning,7.069220765642798,4172,2.99
34,milk vanilla_extract,7.069220765642798,515,0.37
35,worcestershire_sauce salt,7.066129573073124,483,0.35
36,lemon_wedge,7.063047906535717,10945,7.84
37,water olive_oil,7.063047906535717,2621,1.88
38,cornstarch salt,7.059975707498746,413,0.3
39,unsweetened_cocoa,7.059975707498746,3970,2.84
40,macaroni,7.056912917968201,330,0.24
41,table_salt,7.056912917968201,8835,6.33
42,quick_oats,7.056912917968201,962,0.69
43,ground_cumin salt,7.056912917968201,560,0.4
44,orange_marmalade,7.056912917968201,3672,2.63
45,dry_onion_soup_mix,7.056912917968201,2362,1.69
46,horseradish,7.05385948048131,1420,1.02
47,cinnamon butter,7.05385948048131,1672,1.2
48,egg water,7.05385948048131,943,0.68
49,ground_cinnamon salt,7.050815338100082,1636,1.17
50,cannellini_beans,7.050815338100082,538,0.39
51,white_flour,7.050815338100082,342,0.24
52,grape_tomatoes,7.050815338100082,1906,1.36
53,sweet_potato,7.047780434404928,1528,1.09
54,mandarin_oranges,7.044754713488391,345,0.25
55,baking_powder sugar,7.044754713488391,367,0.26
56,butter powdered_sugar,7.041738119948966,1267,0.91
57,fennel_seed,7.041738119948966,593,0.42
58,orzo_pasta,7.041738119948966,839,0.6
59,garlic onion,7.035732095888753,910,0.65
60,butter water,7.035732095888753,348,0.25
61,shredded_cheddar_cheese,7.032742557040388,336,0.24
62,marjoram,7.032742557040388,1478,1.06
63,old_fashioned_oats,7.032742557040388,1140,0.82
64,eggplants,7.032742557040388,8165,5.85
65,dried_marjoram,7.02976192890225,521,0.37
66,rising_flour,7.0267901585130925,436,0.31
67,canned_pumpkin,7.0267901585130925,707,0.51
68,bittersweet_chocolate,7.0267901585130925,756,0.54
69,red_kidney_beans,7.0267901585130925,695,0.5
70,button_mushrooms,7.0267901585130925,1655,1.19
71,yellow_mustard,7.0267901585130925,489,0.35
72,chili_powder cumin,7.020872981485004,773,0.55
73,spring_onions,7.020872981485004,1160,0.83
74,vanilla all,7.014990611581937,2611,1.87
75,cream_cheese butter,7.014990611581937,372,0.27
76,dried_oregano salt,7.012062351802848,508,0.36
77,tahini,7.012062351802848,1163,0.83
78,dried_oregano dried_basil,7.012062351802848,863,0.62
79,basmati_rice,7.009142641699514,1598,1.14
80,sugar vanilla_extract,7.009142641699514,929,0.67
81,italian_sausage,7.003328671834094,496,0.36
82,bean_sprouts,7.000434313807729,372,0.27
83,fresh_mint_leaves,7.000434313807729,11669,8.36
84,dried_apricot,7.000434313807729,635,0.45
85,dried_parsley_flakes,7.000434313807729,467,0.33
86,sodium_chicken_broth,6.997548308918595,368,0.26
87,non,6.997548308918595,560,0.4
88,garlic_cloves fresh_ginger,6.997548308918595,464,0.33
89,pizza_sauce,6.99467060909098,34156,24.46
90,bell_peppers,6.991801166663027,533,0.38
91,onion carrots,6.988939934381994,1175,0.84
92,coffee,6.988939934381994,510,0.37
93,cashews,6.988939934381994,616,0.44
94,corn_flakes,6.986086865399589,1088,0.78
95,garbanzo_beans,6.983241913267357,1508,1.08
96,prosciutto,6.983241913267357,322,0.23
97,green_olives,6.9804050319321576,360,0.26
98,egg salt,6.9804050319321576,355,0.25
99,refried_beans,6.97757617573168,766,0.55
100,fresh_parsley_leaves,6.97757617573168,599,0.43
101,butter granulated_sugar,6.971942358013424,1353,0.97
102,old_bay_seasoning,6.9691373070858145,399,0.29
103,fat_cheddar_cheese,6.9691373070858145,331,0.24
104,granulated_sugar eggs,6.966340102464754,1048,0.75
105,cornflour,6.966340102464754,2265,1.62
106,pumpkin_puree,6.9635507003771755,442,0.32
107,_juice_and_zest_of,6.9635507003771755,333,0.24
108,lemon_rind,6.9635507003771755,2386,1.71
109,dark_rum,6.9635507003771755,458,0.33
110,chicken_breast,6.9635507003771755,336,0.24
111,parmesan_cheese salt,6.960769057415298,1131,0.81
112,chocolate,6.960769057415298,428,0.31
113,cream_cheese sour_cream,6.960769057415298,473,0.34
114,butter garlic_cloves,6.957995130532573,336,0.24
115,lean_ground_beef onion,6.957995130532573,328,0.23
116,hamburger,6.955228877039683,2573,1.84
117,vegetable_shortening,6.952470254600604,972,0.7
118,onion olive_oil,6.952470254600604,396,0.28
119,kahlua,6.9497192212287136,3961,2.84
120,flour eggs,6.946975735282963,461,0.33
121,white_chocolate_chips,6.946975735282963,4076,2.92
122,pecan_halves,6.946975735282963,391,0.28
123,yellow_squash,6.946975735282963,317,0.23
124,yellow_bell_pepper,6.944239755464087,349,0.25
125,vanilla salt,6.944239755464087,608,0.44
126,panko_breadcrumbs,6.944239755464087,413,0.3
127,celery carrot,6.944239755464087,622,0.45
128,diced_green_chilies,6.938790150696523,1183,0.85
129,beef,6.938790150696523,4020,2.88
130,brown_sugar egg,6.936076444824927,5644,4.04
131,salt paprika,6.936076444824927,365,0.26
132,eggs oil,6.933370083227184,685,0.49
133,tuna,6.933370083227184,398,0.29
134,chicken_thighs,6.927979234592307,1074,0.77
135,minced_garlic_cloves,6.927979234592307,506,0.36
136,boneless_skinless_chicken_thighs,6.925294669221638,612,0.44
137,brown_rice,6.925294669221638,5654,4.05
138,chili,6.925294669221638,1554,1.11
139,artichoke_hearts,6.922617291450922,940,0.67
140,lime_zest,6.922617291450922,1281,0.92
141,mustard_powder,6.922617291450922,358,0.26
142,fresh_green_beans,6.9199470628950435,1583,1.13
143,light_cream,6.9172839454755595,4935,3.53
144,long,6.9172839454755595,2560,1.83
145,lemon_pepper,6.9172839454755595,371,0.27
146,parmigiano reggiano_cheese,6.9172839454755595,380,0.27
147,reggiano_cheese,6.9172839454755595,786,0.56
148,onions garlic,6.914627901417443,372,0.27
149,apple_cider,6.911978893245866,4226,3.03
150,splenda_granular,6.911978893245866,338,0.24
151,egg vanilla_extract,6.911978893245866,408,0.29
152,tomato_puree,6.911978893245866,404,0.29
153,grain_rice,6.911978893245866,544,0.39
154,mayonnaise sour_cream,6.911978893245866,1014,0.73
155,chocolate_syrup,6.909336883783028,359,0.26
156,olive_oil lemon_juice,6.909336883783028,1378,0.99
157,pepper garlic_powder,6.9067018361450225,378,0.27
158,green_cabbage,6.9067018361450225,459,0.33
159,chicken_wings,6.904073713738753,1578,1.13
160,pesto_sauce,6.904073713738753,2183,1.56
161,eggs vegetable_oil,6.904073713738753,7847,5.62
162,white_rice,6.901452480258879,327,0.23
163,green_bell_peppers,6.901452480258879,1025,0.73
164,mashed_potatoes,6.898838099684808,631,0.45
165,water vegetable_oil,6.898838099684808,598,0.43
166,egg butter,6.898838099684808,460,0.33
167,oyster_sauce,6.896230536277727,660,0.47
168,unsalted_butter sugar,6.8936297545776695,454,0.33
169,mustard_seeds,6.8936297545776695,650,0.47
170,parsley_flakes,6.891035719400623,1130,0.81
171,couscous,6.883293745247007,927,0.66
172,_rind_of,6.883293745247007,892,0.64
173,yogurt,6.883293745247007,935,0.67
174,salt ground_cinnamon,6.878165528880088,349,0.25
175,ice_cube,6.878165528880088,1278,0.92
176,carrots celery,6.875611249074991,1910,1.37
177,medium_shrimp,6.875611249074991,1910,1.37
178,eggs sour_cream,6.875611249074991,320,0.23
179,cranberry_juice,6.873063476996193,1229,0.88
180,tequila,6.87052217956752,534,0.38
181,leek,6.87052217956752,998,0.71
182,sweet_red_pepper,6.87052217956752,449,0.32
183,ground_cumin ground_coriander,6.867987323964332,849,0.61
184,romano_cheese,6.867987323964332,1213,0.87
185,caraway_seed,6.862936808178263,785,0.56
186,onion_soup_mix,6.862936808178263,609,0.44
187,unbleached_all,6.860421083581016,899,0.64
188,unbleached_all purpose_flour,6.860421083581016,350,0.25
189,dried_basil dried_oregano,6.85791167197559,403,0.29
190,celery_rib,6.85791167197559,564,0.4
191,butter onions,6.855408541757472,357,0.26
192,granny_smith_apples,6.855408541757472,943,0.68
193,crabmeat,6.852911661558885,4610,3.3
194,soymilk,6.852911661558885,325,0.23
195,low fat_milk,6.850421000246433,511,0.37
196,fresh_gingerroot,6.847936526918771,542,0.39
197,salt vanilla,6.847936526918771,388,0.28
198,parmigiano,6.847936526918771,400,0.29
199,egg_substitute,6.845458210904304,514,0.37
200,corn_syrup,6.845458210904304,318,0.23
201,golden_raisin,6.845458210904304,392,0.28
202,fresh_basil_leaves,6.845458210904304,1542,1.1
203,chili_powder salt,6.842986021758915,5791,4.15
204,pinto_beans,6.8405199292637215,340,0.24
205,goat_cheese,6.8405199292637215,359,0.26
206,nonstick_cooking_spray,6.8405199292637215,472,0.34
207,kalamata_olive,6.835605914461293,945,0.68
208,fat_sour_cream,6.835605914461293,1398,1.0
209,fresh_coriander,6.835605914461293,618,0.44
210,whole_cloves,6.833157932822652,543,0.39
211,chili_powder ground_cumin,6.833157932822652,880,0.63
212,milk flour,6.8307159291671,1781,1.28
213,mango,6.82827987436922,696,0.5
214,sauerkraut,6.82827987436922,1297,0.93
215,fresh_orange_juice,6.82827987436922,595,0.43
216,part,6.825849739515927,2554,1.83
217,yellow_onions,6.82100711504014,486,0.35
218,catsup,6.82100711504014,1810,1.3
219,baking_powder cinnamon,6.82100711504014,967,0.69
220,oil onion,6.813786867066653,358,0.26
221,tomato_juice,6.813786867066653,447,0.32
222,egg flour,6.813786867066653,367,0.26
223,dry_yeast,6.813786867066653,2108,1.51
224,linguine,6.811391656340698,3401,2.44
225,vanilla eggs,6.809002168943317,426,0.31
226,pumpkin_pie_spice,6.809002168943317,500,0.36
227,long_grain_rice,6.809002168943317,345,0.25
228,potatoes onion,6.804240255183073,2094,1.5
229,unsweetened_applesauce,6.794783919941037,398,0.29
230,sunflower_seeds,6.792433742596083,792,0.57
231,dill,6.790089075636829,335,0.24
232,taco_seasoning_mix,6.790089075636829,456,0.33
233,pepperoni,6.7877498932836575,3085,2.21
234,cajun_seasoning,6.785416169937437,341,0.24
235,garlic olive_oil,6.785416169937437,341,0.24
236,sugar milk,6.785416169937437,804,0.58
237,lemon_peel,6.783087880177846,345,0.25
238,egg_noodles,6.783087880177846,703,0.5
239,penne_pasta,6.778447500621343,2239,1.6
240,eggs water,6.778447500621343,320,0.23
241,large_shrimp,6.776135360862964,646,0.46
242,vanilla_extract all,6.776135360862964,1764,1.26
243,hamburger_buns,6.77152705777677,326,0.23
244,light_soy_sauce,6.76923084551642,583,0.42
245,black_peppercorns,6.766939893769864,742,0.53
246,salt olive_oil,6.764654178489008,1834,1.31
247,peas,6.762373675790283,416,0.3
248,ground_turmeric,6.757828213418608,10561,7.56
249,fresh_blueberries,6.755563206787756,382,0.27
250,butter vanilla,6.753303318820318,416,0.3
251,prepared_horseradish,6.753303318820318,968,0.69
252,salt cayenne_pepper,6.744314494251885,352,0.25
253,ground_cinnamon ground_nutmeg,6.744314494251885,567,0.41
254,dates,6.742079856450469,377,0.27
255,rice_wine_vinegar,6.742079856450469,327,0.23
256,pineapple,6.742079856450469,429,0.31
257,sage,6.7398502011231995,403,0.29
258,liquid_smoke,6.7398502011231995,981,0.7
259,cooking_oats,6.737625506101089,1803,1.29
260,quick cooking_oats,6.737625506101089,738,0.53
261,paprika salt,6.7354057493627755,1362,0.98
262,poultry_seasoning,6.7354057493627755,480,0.34
263,cloves,6.726575669914504,334,0.24
264,jalapenos,6.726575669914504,20287,14.53
265,dried_onion_flakes,6.722189697971249,526,0.38
266,rum,6.722189697971249,532,0.38
267,fresh_basil_leaf,6.722189697971249,849,0.61
268,american_cheese,6.720003904751269,1741,1.25
269,butternut_squash,6.717822878804909,369,0.26
270,salt flour,6.717822878804909,637,0.46
271,chopped_tomatoes,6.715646599382313,391,0.28
272,salt unsalted_butter,6.7134750458688055,991,0.71
273,cinnamon_sticks,6.7134750458688055,1222,0.88
274,carrot celery,6.7113081977837155,785,0.56
275,whole_kernel_corn,6.7113081977837155,380,0.27
276,brown_sugar salt,6.704835683278097,431,0.31
277,provolone_cheese,6.702687454739808,651,0.47
278,milk vanilla,6.700543831196557,1272,0.91
279,brown_sugar cinnamon,6.698404792947807,4455,3.19
280,oranges,6.6877777003735215,1387,0.99
281,lemon_juice salt,6.6877777003735215,356,0.25
282,cream_cheese sugar,6.6877777003735215,1098,0.79
283,cake_flour,6.685665767170377,407,0.29
284,yellow_cornmeal,6.683558284830813,331,0.24
285,vegetable_oil eggs,6.683558284830813,1614,1.16
286,onion green_bell_pepper,6.681455234634034,716,0.51
287,oats,6.679356597977113,484,0.35
288,semisweet_chocolate,6.671005818759693,685,0.49
289,eggplant,6.671005818759693,16330,11.69
290,garam_masala,6.666856435212881,2127,1.52
291,fresh_coarse_ground_black_pepper,6.666856435212881,1118,0.8
292,baking_potatoes,6.664788182148822,489,0.35
293,flaked_coconut,6.662724197927971,364,0.26
294,cumin_seed,6.658608965782864,798,0.57
295,roma_tomatoes,6.654510599390582,1808,1.29
296,sherry_wine,6.654510599390582,1263,0.9
297,olive_oil onions,6.652467697760782,1046,0.75
298,boneless_chicken_breasts,6.652467697760782,619,0.44
299,flour butter,6.652467697760782,2193,1.57
300,tortilla_chips,6.652467697760782,456,0.33
301,salt garlic_powder,6.652467697760782,403,0.29
302,jalapeno_peppers,6.650428961070934,441,0.32
303,milk sugar,6.648394372373146,799,0.57
304,onion_powder garlic_powder,6.644337571677531,2560,1.83
305,frozen_spinach,6.644337571677531,482,0.35
306,broccoli_florets,6.638283062768825,407,0.29
307,graham_cracker_crumbs,6.632264990443262,896,0.64
308,mozzarella_cheese parmesan_cheese,6.632264990443262,644,0.46
309,onion carrot,6.6302669877805895,2561,1.83
310,dill_weed,6.6302669877805895,402,0.29
311,pepper salt,6.624296820794085,374,0.27
312,sugar cornstarch,6.622314659590094,4319,3.09
313,leeks,6.622314659590094,1966,1.41
314,celery_salt,6.618362085274271,3264,2.34
315,nonfat_milk,6.616391641286972,1399,1.0
316,brandy,6.614425072314932,345,0.25
317,butter cream_cheese,6.61050349866175,1299,0.93
318,cornstarch water,6.608548463825946,410,0.29
319,orange_rind,6.608548463825946,564,0.4
320,ground_pork,6.606597243694685,4698,3.36
321,peaches,6.606597243694685,353,0.25
322,cracked_black_pepper,6.602706188201718,1081,0.77
323,bacon onion,6.600766323383891,318,0.23
324,kosher_salt fresh_ground_black_pepper,6.596897846605971,742,0.53
325,stewed_tomatoes,6.591123047112087,630,0.45
326,low_sodium_soy_sauce,6.589205500982815,1237,0.89
327,black_pepper salt,6.589205500982815,745,0.53
328,vegetable_oil onion,6.5834748262738305,554,0.4
329,eggs all,6.579672540324092,932,0.67
330,ground_cardamom,6.579672540324092,493,0.35
331,russet_potatoes,6.579672540324092,482,0.35
332,peanuts,6.575884657007155,351,0.25
333,garlic_cloves onion,6.575884657007155,11683,8.37
334,velveeta_cheese,6.575884657007155,428,0.31
335,green_peppers,6.573996082319287,333,0.24
336,milk egg,6.57022959952381,593,0.42
337,eggs butter,6.56835166469961,5638,4.04
338,hoisin_sauce,6.56835166469961,319,0.23
339,butter all,6.566477249905259,15140,10.84
340,cooked_ham,6.564606341969448,346,0.25
341,taco_seasoning,6.564606341969448,658,0.47
342,basil_leaves,6.5571575179564565,528,0.38
343,pumpkin,6.5571575179564565,638,0.46
344,and half_cream,6.553453810018972,7070,5.06
345,cottage_cheese,6.549763768931519,649,0.46
346,baby_spinach,6.549763768931519,555,0.4
347,creamy_peanut_butter,6.547923842009512,1629,1.17
348,lime _juice_of,6.547923842009512,2217,1.59
349,half_cream,6.547923842009512,828,0.59
350,chili_sauce,6.54608729420221,405,0.29
351,ice_cubes,6.544254113120549,403,0.29
352,avocados,6.536954810638937,499,0.36
353,frozen_corn,6.52790497511902,377,0.27
354,garlic_powder salt,6.526104794614872,399,0.29
355,baking_soda cinnamon,6.517152183342758,3815,2.73
356,salt_and_black_pepper,6.517152183342758,357,0.26
357,ground_turkey,6.517152183342758,328,0.23
358,brown_sugar eggs,6.517152183342758,876,0.63
359,salt egg,6.515371238971763,1965,1.41
360,fresh_oregano,6.510047357719013,381,0.27
361,corn_tortillas,6.510047357719013,379,0.27
362,water butter,6.508279010662271,1070,0.77
363,onion salt,6.506513785137702,352,0.25
364,egg vanilla,6.5047516701443024,3438,2.46
365,red_bell_peppers,6.502992654739123,3628,2.6
366,self,6.499483879209444,2588,1.85
367,romaine_lettuce,6.494243692545887,529,0.38
368,lemon _zest_of,6.489030822357354,813,0.58
369,splenda_sugar_substitute,6.489030822357354,3522,2.52
370,yellow_cake_mix,6.483844985324989,888,0.64
371,olive_oil butter,6.483844985324989,2424,1.74
372,heavy_whipping_cream,6.478685902514962,526,0.38
373,dry_red_wine,6.476972106037227,4068,2.91
374,sugar cinnamon,6.476972106037227,446,0.32
375,sugar brown_sugar,6.473553299288441,328,0.23
376,limes,6.470146140966827,1383,0.99
377,baby_carrots,6.4667505519656885,1261,0.9
378,beef_stock,6.459993769502809,3800,2.72
379,ground_red_pepper,6.459993769502809,394,0.28
380,garlic salt,6.459993769502809,326,0.23
381,strawberry,6.459993769502809,2227,1.59
382,cucumbers,6.456632421800104,1747,1.25
383,cinnamon_stick,6.451611490750005,669,0.48
384,butter olive_oil,6.449943433649308,512,0.37
385,asparagus,6.449943433649308,593,0.42
386,oatmeal,6.446615643556633,560,0.4
387,salt white_pepper,6.436698206899287,440,0.32
388,kidney_beans,6.435054821155557,320,0.23
389,caster_sugar,6.435054821155557,2018,1.45
390,coriander,6.433414131698097,1905,1.36
391,pasta,6.4317761296938585,543,0.39
392,celery_seed,6.4285081529292425,1000,0.72
393,salmon_fillets,6.426878160718312,361,0.26
394,_low fat_milk,6.426878160718312,434,0.31
395,_low,6.4252508210589365,874,0.63
396,pork_tenderloin,6.4252508210589365,695,0.5
397,sugar vanilla,6.4252508210589365,2908,2.08
398,apple_juice,6.423626125331935,582,0.42
399,butter egg,6.422004064960066,532,0.38
400,cream_of_tartar,6.418767816180858,6033,4.32
401,french_bread,6.4171536108263165,327,0.23
402,spaghetti_sauce,6.415542006931975,723,0.52
403,onions garlic_cloves,6.413932996126275,1287,0.92
404,cauliflower,6.412326570078001,1113,0.8
405,red_onions,6.412326570078001,928,0.66
406,fresh_strawberries,6.3995672263242405,390,0.28
407,salt water,6.3995672263242405,545,0.39
408,cinnamon salt,6.397983694718596,316,0.23
409,brown_sugar butter,6.391674525525332,733,0.52
410,eggs salt,6.388534805520664,310,0.22
411,garlic_cloves salt,6.3869686344879195,344,0.25
412,fresh_garlic,6.377622772069682,1241,0.89
413,white_bread,6.377622772069682,659,0.47
414,plum_tomatoes,6.376073585082852,778,0.56
415,dry_breadcrumbs,6.374526794364553,490,0.35
416,garlic_powder onion_powder,6.369900725975771,454,0.33
417,coarse_salt,6.368363446656885,363,0.26
418,elbow_macaroni,6.366828526938801,407,0.29
419,olive_oil garlic,6.363765737408255,2451,1.76
420,light_corn_syrup,6.357668157540137,608,0.44
421,garlic_cloves olive_oil,6.356149554362947,3206,2.3
422,sliced_almonds,6.354633253844983,517,0.37
423,jalapeno,6.354633253844983,432,0.31
424,clove,6.353119249013767,315,0.23
425,applesauce,6.351607532928446,1611,1.15
426,vanilla_ice_cream,6.345583418325065,360,0.26
427,onion butter,6.345583418325065,393,0.28
428,ground_pepper,6.3395953764804425,504,0.36
429,milk eggs,6.338103951893772,3936,2.82
430,low_sodium_chicken_broth,6.33068001282249,1258,0.9
431,spaghetti,6.33068001282249,576,0.41
432,milk salt,6.329201815953179,8487,6.08
433,unsweetened_cocoa_powder,6.320378229294664,472,0.34
434,flat_leaf_parsley,6.315995461139569,429,0.31
435,celery onion,6.315995461139569,375,0.27
436,pork_chops,6.305843089675551,358,0.26
437,slivered_almonds,6.301523428531034,324,0.23
438,boiled_eggs,6.301523428531034,1137,0.81
439,hard boiled_eggs,6.301523428531034,1158,0.83
440,crushed_tomatoes,6.30008767810493,1007,0.72
441,dried_rosemary,6.290094732707412,1788,1.28
442,blue_cheese,6.2844289951717345,657,0.47
443,sugar egg,6.283017562333327,375,0.27
444,spinach,6.27599012652587,316,0.23
445,vanilla flour,6.273192921904808,317,0.23
446,fish_sauce,6.271797248265834,435,0.31
447,of_fresh_mint,6.263463866706689,1334,0.96
448,hot_pepper_sauce,6.262081696479737,543,0.39
449,sugar flour,6.256572040668768,2212,1.58
450,onion green_pepper,6.253828554723017,373,0.27
451,icing_sugar,6.248364060250938,587,0.42
452,egg_yolk,6.241575167917253,417,0.3
453,fresh_spinach,6.236177044147695,448,0.32
454,dry_sherry,6.236177044147695,375,0.27
455,frozen_chopped_spinach,6.232147488661694,418,0.3
456,prepared_mustard,6.228134105348235,2468,1.77
457,strawberries,6.226799882335098,401,0.29
458,vegetable_stock,6.222807861065561,675,0.48
459,blueberries,6.217509835428006,521,0.37
460,plain_flour,6.212239731003768,326,0.23
461,butter milk,6.204386287498198,330,0.24
462,white_onion,6.20178211935981,410,0.29
463,boneless_skinless_chicken_breast,6.195301215275727,1201,0.86
464,jalapeno_pepper,6.188862042994706,3140,2.25
465,cool_whip,6.1799162964362475,334,0.24
466,salt fresh_ground_pepper,6.1799162964362475,382,0.27
467,eggs vanilla_extract,6.1799162964362475,5395,3.86
468,vodka,6.178644840448051,377,0.27
469,chickpeas,6.178644840448051,391,0.28
470,dried_cranberries,6.1710498672306064,16027,11.48
471,sweet_onion,6.167273903021071,933,0.67
472,sugar water,6.164764491415645,531,0.38
473,flour milk,6.1635121430991795,670,0.48
474,fresh_chives,6.162261361197527,409,0.29
475,dried_parsley,6.1560308114468905,676,0.48
476,whipped_cream,6.153549420595505,491,0.35
477,olive_oil salt,6.153549420595505,466,0.33
478,yeast,6.152311030344359,322,0.23
479,salt milk,6.14983884119897,371,0.27
480,ricotta_cheese,6.147372748703776,311,0.22
481,ground_allspice,6.144912722862914,1034,0.74
482,white_wine_vinegar,6.1351326938092745,1738,1.24
483,mustard,6.1302783153444755,313,0.22
484,gingerroot,6.126652933730159,3042,2.18
485,apple_cider_vinegar,6.115854988383371,499,0.36
486,onion garlic_clove,6.114662382398248,1200,0.86
487,pure_vanilla_extract,6.114662382398248,1558,1.12
488,beer,6.113471197028095,825,0.59
489,salt ground_black_pepper,6.113471197028095,373,0.27
490,salt baking_powder,6.113471197028095,384,0.27
491,vegetable_broth,6.102813902554106,346,0.25
492,cooking_oil,6.1016367393810915,507,0.36
493,rosemary,6.1016367393810915,405,0.29
494,eggs flour,6.1016367393810915,3741,2.68
495,red_potatoes,6.092268989377492,1508,1.08
496,water sugar,6.088778584437724,601,0.43
497,bread_flour,6.085300320061399,476,0.34
498,sweet_potatoes,6.084143581933574,722,0.52
499,purpose_flour sugar,6.077231112012951,6204,4.44
500,rice,6.0760836649564745,416,0.3
501,red_wine,6.074937533025852,356,0.25
502,hard,6.072649202507839,334,0.24
503,green_beans,6.070366096493271,19582,14.02
504,crushed_pineapple,6.065815462929274,579,0.41
505,ground_beef onion,6.056775853351549,653,0.47
506,coconut,6.0522865079889545,949,0.68
507,fresh_dill,6.047817226806658,378,0.27
508,corn,6.044478325541143,1743,1.25
509,bell_pepper,6.032330191605496,489,0.35
510,quick,6.027949023589933,806,0.58
511,purpose_flour baking_soda,6.022499418822368,320,0.23
512,sun,6.021413052610147,23874,17.1
513,orange_zest,6.02032786530886,665,0.48
514,orange,6.019243854362602,500,0.36
515,pineapple_juice,6.01816101722377,349,0.25
516,cocoa_powder,6.013841356079253,1073,0.77
517,ice,6.012764350051616,1559,1.12
518,broccoli,6.011688502718153,838,0.6
519,potato,6.011688502718153,2479,1.78
520,frozen_peas,6.00846788801811,475,0.34
521,milk butter,6.007396650636611,729,0.52
522,rice_vinegar,6.006326559576767,362,0.26
523,coconut_milk,6.005257612387862,566,0.41
524,apple,6.005257612387862,321,0.23
525,allspice,6.0031231398592295,2250,1.61
526,cherry_tomatoes,5.999929949280074,493,0.35
527,almonds,5.9978068062319965,396,0.28
528,salt baking_soda,5.996746922719954,5881,4.21
529,barbecue_sauce,5.996746922719954,376,0.27
530,cornmeal,5.996746922719954,621,0.44
531,cream_of_chicken_soup,5.994630519813576,922,0.66
532,scallion,5.994630519813576,2733,1.96
533,salt cinnamon,5.991464290255526,326,0.23
534,olive_oil garlic_cloves,5.990411104270867,511,0.37
535,rolled_oats,5.988308054074088,921,0.66
536,baking_soda baking_powder,5.976819677067328,472,0.34
537,salt eggs,5.97267459341216,2589,1.85
538,dark_brown_sugar,5.9716410015888775,331,0.24
539,peanut_oil,5.970608476974688,383,0.27
540,egg milk,5.970608476974688,365,0.26
541,pine_nuts,5.968546620574129,5184,3.71
542,capers,5.966489006679449,450,0.32
543,egg_white,5.957281780510988,9354,6.7
544,eggs sugar,5.947149981580582,359,0.26
545,_zest_of,5.942122318903616,402,0.29
546,cooked_rice,5.9401183102169,375,0.27
547,ham,5.938118309550234,4209,3.01
548,lettuce,5.93114964023414,385,0.28
549,chives,5.924229197389566,411,0.29
550,cinnamon nutmeg,5.913450063134739,610,0.44
551,active_dry_yeast,5.907619142823946,512,0.37
552,molasses,5.904716383165985,1488,1.07
553,flour_tortillas,5.893188877994917,968,0.69
554,butter salt,5.891280480469157,528,0.38
555,avocado,5.887474576731479,438,0.31
556,green_chilies,5.870525018417705,364,0.26
557,onion celery,5.867727813796644,3328,2.38
558,celery_ribs,5.866797148303691,431,0.31
559,sugar butter,5.861231271226246,13634,9.76
560,fresh_rosemary,5.860306629459028,379,0.27
561,water salt,5.854776661449566,503,0.36
562,butter eggs,5.853857965932494,427,0.31
563,sweetened_condensed_milk,5.852940113642265,380,0.27
564,plain_yogurt,5.850191600688915,970,0.69
565,shrimp,5.850191600688915,447,0.32
566,fat_milk,5.844717134461833,923,0.66
567,hot_water,5.831160668378224,405,0.29
568,flour baking_soda,5.826682380553529,347,0.25
569,shallot,5.820446280165818,760,0.54
570,cocoa,5.816015612749333,1092,0.78
571,cabbage,5.815131830102326,645,0.46
572,lemon_zest,5.809845474179178,692,0.5
573,black_olives,5.807212739003378,614,0.44
574,whole_milk,5.806336698649498,929,0.67
575,sliced_mushrooms,5.79501746590956,4027,2.88
576,turmeric,5.792423430732513,420,0.3
577,lemons,5.7915602455257025,450,0.32
578,boneless_skinless_chicken_breast_halves,5.789836107167563,3142,2.25
579,bread,5.787255460574071,442,0.32
580,butter brown_sugar,5.776998960406882,748,0.54
581,purpose_flour salt,5.776148981605178,351,0.25
582,cayenne,5.770219273421503,465,0.33
583,mushroom,5.7559632667854705,538,0.39
584,maple_syrup,5.755130973770301,418,0.3
585,almond_extract,5.746021179921404,358,0.26
586,cooking_spray,5.74519711724601,838,0.6
587,sugar baking_powder,5.7394476147547495,11194,8.02
588,eggs vanilla,5.737810953178282,1714,1.23
589,cooked_chicken,5.732103640498991,919,0.66
590,fresh_thyme,5.7256206356209125,1176,0.84
591,shallots,5.724813207236312,870,0.62
592,italian_seasoning,5.72239482637203,914,0.65
593,swiss_cheese,5.710389880275207,449,0.32
594,lemon _juice_of,5.708800054821107,326,0.23
595,ground_coriander,5.706420045764296,2624,1.88
596,flour sugar,5.704836514158651,2574,1.84
597,beef_broth,5.701676953868283,568,0.41
598,apples,5.7008886211510665,312,0.22
599,evaporated_milk,5.697741490308047,336,0.24
600,cold_water,5.693039287286611,3297,2.36
601,chicken,5.690696451384839,622,0.45
602,warm_water,5.68758118406789,1298,0.93
603,hot_sauce,5.686027182201155,1585,1.14
604,skim_milk,5.67906390454901,857,0.61
605,cucumber,5.678293191601419,872,0.62
606,red_pepper,5.677523072194854,1904,1.36
607,fresh_mushrooms,5.676753545415826,1544,1.11
608,yellow_onion,5.666803214562658,353,0.25
609,_pepper,5.654691030152208,375,0.27
610,salt_ _pepper,5.654691030152208,871,0.62
611,tabasco_sauce,5.654691030152208,934,0.67
612,sesame_seeds,5.651685768686745,447,0.32
613,lime,5.650186518031104,811,0.58
614,butter onion,5.636054635393234,336,0.24
615,egg_yolks,5.629429657168921,951,0.68
616,white_vinegar,5.62357740930314,488,0.35
617,chocolate_chips,5.617759211072152,573,0.41
618,ground_cloves,5.6141399526878395,394,0.28
619,fat,5.611253947798704,849,0.61
620,cream_of_mushroom_soup,5.6033601141999725,456,0.33
621,fresh_lime_juice,5.602645573262104,526,0.38
622,banana,5.5877569607683535,448,0.32
623,scallions,5.582842945965925,613,0.44
624,black_beans,5.547751626154654,1680,1.2
625,and half,5.5470757221072935,52940,37.91
626,peanut_butter,5.541013056181445,839,0.6
627,salt sugar,5.532986257231992,943,0.68
628,butter flour,5.527670630097605,2992,2.14
629,nuts,5.527670630097605,1510,1.08
630,salt butter,5.526346126592714,446,0.32
631,bay_leaves,5.514503882936392,948,0.68
632,salt fresh_ground_black_pepper,5.511239106938253,561,0.4
633,cream,5.505389236502293,966,0.69
634,reduced,5.504093899533608,458,0.33
635,cheese,5.49764226425212,1533,1.1
636,mushrooms,5.4950732198076775,785,0.56
637,onion garlic,5.494431988621871,489,0.35
638,semi sweet_chocolate_chips,5.487405450609833,839,0.6
639,cider_vinegar,5.482326074609812,390,0.28
640,chicken_breasts,5.479164516491083,809,0.58
641,seasoning_salt,5.478533402554073,437,0.31
642,red_pepper_flakes,5.477902686670661,368,0.26
643,sweet_chocolate_chips,5.474126722461126,8640,6.19
644,breadcrumbs,5.4697393760315,1500,1.07
645,lean_ground_beef,5.461642165798881,460,0.33
646,feta_cheese,5.459782853208697,402,0.29
647,garlic_salt,5.450537795064646,310,0.22
648,basil,5.446252511494319,630,0.45
649,boiling_water,5.434712753920249,607,0.43
650,shortening,5.432902798675009,3440,2.46
651,sharp_cheddar_cheese,5.430494609672526,1830,1.31
652,bananas,5.42449938787863,1328,0.95
653,salsa,5.419728955456838,560,0.4
654,semi,5.407901496469592,9527,6.82
655,white_pepper,5.402039814973261,410,0.29
656,purpose_flour baking_powder,5.399704729265414,945,0.68
657,white_wine,5.390418533689244,1427,1.02
658,monterey_jack_cheese,5.385807574511171,1799,1.29
659,eggs milk,5.384083931453006,322,0.23
660,olive_oil onion,5.382936484396529,1584,1.13
661,ground_nutmeg,5.380645532649973,570,0.41
662,dry_mustard,5.370967119498057,312,0.22
663,crushed_red_pepper_flakes,5.3613814808347,1700,1.22
664,whipping_cream,5.35913932742901,1570,1.12
665,light_brown_sugar,5.357461005356735,480,0.34
666,thyme,5.351331144981198,1887,1.35
667,sea_salt,5.351331144981198,1332,0.95
668,egg_whites,5.349111388242885,1125,0.81
669,flour salt,5.346343603470159,1238,0.89
670,curry_powder,5.345238630982041,1662,1.19
671,salt_ _freshly_ground_black_pepper,5.334255544190944,488,0.35
672,whole_wheat_flour,5.334255544190944,1658,1.19
673,sugar eggs,5.332618436049044,334,0.24
674,dry_white_wine,5.332073328376784,314,0.22
675,sesame_oil,5.303599742160008,1092,0.78
676,red_wine_vinegar,5.294635801304652,1296,0.93
677,half and,5.294111004651307,659,0.47
678,bay_leaf,5.2935864832650354,1154,0.83
679,confectioners _sugar,5.291491144625181,695,0.5
680,_sugar,5.291491144625181,346,0.25
681,confectioners,5.291491144625181,7291,5.22
682,_freshly_ground_black_pepper,5.286271926096897,316,0.23
683,green_bell_pepper,5.263116788158342,5604,4.01
684,fresh_ground_pepper,5.262608270476395,400,0.29
685,half,5.236515470552616,675,0.48
686,white_sugar,5.215926507974995,620,0.44
687,and,5.202911139862925,713,0.51
688,vinegar,5.199564256509216,377,0.27
689,dried_basil,5.199564256509216,576,0.41
690,diced_tomatoes,5.192903908386679,338,0.24
691,flour baking_powder,5.183935238403919,520,0.37
692,cilantro,5.157959752000658,749,0.54
693,fresh_basil,5.153391448030279,593,0.42
694,lime_juice,5.144768748814404,27509,19.7
695,ginger,5.142511920955141,314,0.22
696,ground_ginger,5.138013487818279,1220,0.87
697,dried_thyme,5.132641944016369,585,0.42
698,onion_powder,5.127743247958722,1080,0.77
699,butter sugar,5.121101647277502,583,0.42
700,_juice_of,5.104471067049672,504,0.36
701,balsamic_vinegar,5.079185811678546,708,0.51
702,buttermilk,5.069080462526624,1833,1.31
703,ground_black_pepper,5.05328628549387,727,0.52
704,ketchup,5.042213791809352,428,0.31
705,low,5.035304599520274,2591,1.86
706,onion garlic_cloves,5.030859249706427,614,0.44
707,cumin,5.001065586227649,342,0.24
708,chicken_stock,4.998720002665928,797,0.57
709,fresh_cilantro,4.998720002665928,920,0.66
710,fresh_ginger,4.998329606408774,320,0.23
711,canola_oil,4.993656700709382,425,0.3
712,tomato_paste,4.993268275767617,1591,1.14
713,red_bell_pepper,4.993268275767617,795,0.57
714,green_pepper,4.987846109113916,320,0.23
715,oregano,4.987459934171871,329,0.24
716,sugar salt,4.986688031393289,864,0.62
717,boneless_skinless_chicken_breasts,4.979001598469132,393,0.28
718,baking_powder baking_soda,4.975180424541809,1089,0.78
719,raisins,4.97403691383973,1256,0.9
720,zucchini,4.9585385881268,1328,0.95
721,tomato_sauce,4.95255502502383,326,0.23
722,orange_juice,4.9333520715815595,534,0.38
723,heavy_cream,4.871308430370252,426,0.31
724,salt black_pepper,4.842841581012755,341,0.24
725,mozzarella_cheese,4.826273938968483,393,0.28
726,dried_oregano,4.812242055942348,1799,1.29
727,margarine,4.794576589326807,416,0.3
728,powdered_sugar,4.793940052067887,2574,1.84
729,kosher_salt,4.773781889172299,377,0.27
730,fresh_lemon_juice,4.7558580471549226,2681,1.92
731,red_onion,4.74580158574591,313,0.22
732,pecans,4.736445851290429,7046,5.05
733,walnuts,4.735545085578721,319,0.23
734,dijon_mustard,4.714754315909647,489,0.35
735,green_onion,4.703937078433188,369,0.26
736,salt_,4.703355683067974,1157,0.83
737,ground_beef,4.679804910524217,397,0.28
738,green_onions,4.650160681652384,397,0.28
739,baking_soda salt,4.6381090430457865,312,0.22
740,nutmeg,4.6194975820314195,5170,3.7
741,ground_cumin,4.6038536198762054,384,0.27
742,granulated_sugar,4.599915056297277,424,0.3
743,lemon,4.568698797921717,316,0.23
744,carrot,4.5623688616069575,325,0.23
745,baking_powder salt,4.560099857734203,682,0.49
746,cayenne_pepper,4.54758718196818,8350,5.98
747,potatoes,4.545847835027001,340,0.24
748,ground_cinnamon,4.535720540863764,418,0.3
749,carrots,4.533756386046201,715,0.51
750,bacon,4.510482608273902,365,0.26
751,parsley,4.501655162189027,6038,4.32
752,chili_powder,4.497625288298664,432,0.31
753,fresh_ground_black_pepper,4.475862407627298,665,0.48
754,extra_virgin_olive_oil,4.444866307258334,848,0.61
755,cornstarch,4.410673056658748,8680,6.22
756,fresh_parsley,4.391768089762638,474,0.34
757,worcestershire_sauce,4.355408046021948,524,0.38
758,chicken_broth,4.342562523280231,362,0.26
759,unsalted_butter,4.296051716469233,752,0.54
760,paprika,4.293347968201827,528,0.38
761,mayonnaise,4.253459871537808,2094,1.5
762,soy_sauce,4.215458753359194,786,0.56
763,garlic_clove,4.209411065058272,3331,2.39
764,celery,4.208347612281692,1285,0.92
765,cheddar_cheese,4.206577700315233,21179,15.17
766,cream_cheese,4.182640154799902,565,0.4
767,onions,4.167220969751513,324,0.23
768,honey,4.141707669146448,1087,0.78
769,vanilla_extract,4.140879374557553,860,0.62
770,oil,4.1137623912267465,382,0.27
771,tomatoes,3.9865158155384317,315,0.23
772,garlic_powder,3.983115897261213,806,0.58
773,sour_cream,3.9523399530669003,1785,1.28
774,cinnamon,3.878859087620255,644,0.46
775,black_pepper,3.839138616985933,364,0.26
776,vanilla,3.8167365177122243,328,0.23
777,lemon_juice,3.800464408571635,768,0.55
778,salt pepper,3.7825994930240547,1710,1.22
779,vegetable_oil,3.777981080473646,381,0.27
780,baking_soda,3.7602835243254464,2060,1.48
781,parmesan_cheese,3.703206850157264,1370,0.98
782,salt_and_pepper,3.684882977830318,1730,1.24
783,egg,3.5818551555985754,821,0.59
784,all purpose_flour,3.5642120553096452,408,0.29
785,all,3.5524673417716035,461,0.33
786,baking_powder,3.5461437171615904,1141,0.82
787,purpose_flour,3.523650559832599,318,0.23
788,brown_sugar,3.4820963635848523,1830,1.31
789,garlic,3.4808974253578224,4872,3.49
790,pepper,3.3264777935857652,323,0.23
791,garlic_cloves,3.2217115138570818,807,0.58
792,milk,3.164780617109419,365,0.26
793,flour,3.1460526677887106,579,0.41
794,olive_oil,2.9644559669486177,474,0.34
795,eggs,2.9290882316285014,336,0.24
796,water,2.8860604697100563,1312,0.94
797,onion,2.766285923516523,413,0.3
798,sugar,2.6245682349468336,364,0.26
799,butter,2.4081502668335784,388,0.28
800,salt,1.9699397239541112,2665,1.91
